id_venda,id_cliente,id_produto,data_venda,hora_venda,canal_venda,quantidade,preco_unitario,desconto_pct,valor_frete,fulfillment,receita_bruta,valor_desconto,valor_previsto_calc,transaction_id,metodo_pagamento,status,valor_previsto,valor_pago,horario_transacao,suspeito_heuristica,delta,flag_divergencia,nome,segmento,uf,regiao,data_cadastro,nome_produto,categoria,subcategoria,preco_base,custo,ativo,data,ano,mes,dia,dia_semana,nome_mes,eh_fim_de_semana,margem_bruta,hora,R01,R02,R03,R04,score_risco
8838,2940,1085,2024-03-24,1900-01-01 04:20:52,marketplace,3,1171.36,15,14.9,zoop,3514.08,527.112,3001.868,tx_008838,boleto,chargeback,3001.87,3902.43,04:20:52,True,0.0019999999999527063,False,Cliente 2940,educacao,PA,Norte,2022-08-21,Camiseta 1085,Moda,Camiseta,1152.53,920.52,True,2024-03-24,2024,3,24,6,March,True,752.52,4,1,1,1,1,16
18026,4597,1005,2024-05-05,1900-01-01 04:18:04,site,3,788.74,15,0.0,parceiro,2366.2200000000003,354.93300000000005,2011.2870000000003,tx_018026,cartao_credito,chargeback,2011.29,2614.68,04:18:04,True,0.0029999999997016857,False,Cliente 4597,educacao,RN,Nordeste,2023-03-16,Mesa 1005,Escritório,Mesa,849.6,587.01,True,2024-05-05,2024,5,5,6,May,True,605.1900000000003,4,1,1,1,1,16
2715,3379,618,2024-11-06,1900-01-01 05:53:28,app,3,600.0,15,19.9,parceiro,1800.0,270.0,1549.9,tx_002715,cartao_credito,chargeback,1549.9,1084.93,05:53:28,True,0.0,False,Cliente 3379,servicos,MG,Sudeste,2023-06-24,Smartphone 618,Eletrônicos,Smartphone,143.46,84.83,True,2024-11-06,2024,11,6,2,November,False,1545.51,5,1,1,1,1,16
14205,4359,754,2024-03-25,1900-01-01 00:02:14,marketplace,3,2543.085880889248,0,24.9,zoop,7629.257642667744,0.0,7654.157642667744,tx_014205,cartao_credito,chargeback,8002.5,9603.0,19:33:22,True,348.34235733225614,True,Cliente 4359,saude,RO,Norte,2023-08-21,Teclado 754,Escritório,Teclado,1539.39,1209.83,False,2024-03-25,2024,3,25,0,March,False,3999.7676426677444,0,1,1,1,1,16
18717,2611,1047,2024-11-21,1900-01-01 03:28:47,app,3,2106.017877058207,5,14.9,zoop,6318.053631174621,315.90268155873105,6017.050949615889,tx_018213,boleto,chargeback,6017.05,7822.17,03:28:47,True,0.0009496158891124651,False,Cliente 2611,industria,RN,Nordeste,2022-04-29,Fone de Ouvido 1047,Eletrônicos,Fone de Ouvido,1589.72,829.7,True,2024-11-21,2024,11,21,3,November,False,3828.9536311746206,3,1,1,1,1,16
11056,2951,723,2024-05-28,1900-01-01 04:08:22,site,3,898.12,10,9.9,zoop,2694.36,269.43600000000004,2434.824,tx_011056,pix,chargeback,2434.82,2921.78,04:08:22,True,0.0039999999999054126,False,Cliente 2951,educacao,MT,Centro-Oeste,2023-03-24,Câmera 723,Eletrônicos,Câmera,883.16,541.23,False,2024-05-28,2024,5,28,1,May,False,1070.67,4,1,1,1,1,16
12563,4622,700,2024-02-16,1900-01-01 01:15:32,site,3,600.0,0,14.9,zoop,1800.0,0.0,1814.9,tx_012563,pix,chargeback,1814.9,2359.37,01:15:32,True,0.0,False,Cliente 4622,saude,ES,Sudeste,2023-07-08,Câmera 700,Eletrônicos,Câmera,71.38,42.17,True,2024-02-16,2024,2,16,4,February,False,1673.49,1,1,1,1,1,16
15306,4721,977,2024-04-20,1900-01-01 22:37:14,app,1,1931.99,5,0.0,parceiro,1931.99,96.5995,1835.3905,tx_017673,pix,chargeback,1835.39,1284.77,22:37:14,True,0.0004999999998744897,False,Cliente 4721,servicos,PE,Nordeste,2023-03-09,Teclado 977,Escritório,Teclado,1960.54,1026.6,True,2024-04-20,2024,4,20,5,April,True,905.3900000000001,22,0,1,1,1,13
15839,1419,1017,2024-07-21,1900-01-01 10:30:11,marketplace,2,991.53,0,9.9,zoop,1983.06,0.0,1992.96,tx_008325,boleto,chargeback,1992.96,2590.85,10:30:11,True,0.0,False,Cliente 1419,industria,ES,Sudeste,2022-02-10,Tênis 1017,Moda,Tênis,1097.23,784.23,True,2024-07-21,2024,7,21,6,July,True,414.5999999999999,10,0,1,1,1,13
17914,4481,786,2024-02-09,1900-01-01 18:32:12,marketplace,1,778.12,15,0.0,parceiro,778.12,116.71799999999999,661.402,tx_017914,boleto,chargeback,661.4,462.98,18:32:12,True,0.002000000000066393,False,Cliente 4481,saude,RJ,Sudeste,2023-06-09,Camiseta 786,Moda,Camiseta,788.3,531.95,True,2024-02-09,2024,2,9,4,February,False,246.16999999999996,18,0,1,1,1,13
4140,1360,1096,2024-04-01,1900-01-01 12:58:55,app,3,403.12,5,24.9,parceiro,1209.3600000000001,60.46800000000001,1173.7920000000001,tx_004140,cartao_credito,chargeback,1198.47,1438.16,08:08:28,True,24.677999999999884,True,Cliente 1360,educacao,RS,Sul,2023-06-05,Perfume 1096,Beleza,Perfume,417.98,227.58,True,2024-04-01,2024,4,1,0,April,False,526.6200000000001,12,0,1,1,1,13
9661,4747,901,2024-10-11,1900-01-01 07:06:35,site,1,716.05,10,0.0,parceiro,716.05,71.605,644.4449999999999,tx_009661,pix,chargeback,644.44,837.77,07:06:35,True,0.004999999999881766,False,Cliente 4747,servicos,GO,Centro-Oeste,2022-12-20,Teclado 901,Escritório,Teclado,724.27,454.28,True,2024-10-11,2024,10,11,4,October,False,261.77,7,0,1,1,1,13
9637,3431,532,2024-07-20,1900-01-01 06:32:47,app,1,420.87,15,9.9,zoop,420.87,63.1305,367.6395,tx_009637,boleto,chargeback,367.64,477.93,06:32:47,True,0.0004999999999881766,False,Cliente 3431,servicos,PE,Nordeste,2022-02-04,Creme 532,Beleza,Creme,464.35,335.44,True,2024-07-20,2024,7,20,5,July,True,85.43,6,0,1,1,1,13
16240,3647,828,2024-11-18,1900-01-01 01:41:37,site,1,373.42,5,0.0,zoop,373.42,18.671000000000003,354.749,tx_016240,boleto,chargeback,368.86,258.2,04:46:58,True,14.11099999999999,True,Cliente 3647,restaurante,SP,Sudeste,2022-12-20,Aspirador 828,Casa & Cozinha,Aspirador,431.3,276.48,True,2024-11-18,2024,11,18,0,November,False,96.94,1,0,1,1,1,13
19486,2056,697,2024-09-16,1900-01-01 14:34:09,app,2,556.86,10,0.0,parceiro,1113.72,111.37200000000001,1002.348,tx_014315,cartao_credito,chargeback,1002.35,701.64,14:34:09,True,0.002000000000066393,False,Cliente 2056,varejo,PA,Norte,2023-03-25,Mesa 697,Escritório,Mesa,614.07,325.46,True,2024-09-16,2024,9,16,0,September,False,462.80000000000007,14,0,1,1,1,13
11908,1782,1048,2024-06-11,1900-01-01 07:09:48,marketplace,2,944.43,15,14.9,parceiro,1888.86,283.32899999999995,1620.431,tx_011908,boleto,chargeback,1620.43,1134.3,07:09:48,True,0.0009999999999763531,False,Cliente 1782,saude,AC,Norte,2022-09-29,Cadeira 1048,Escritório,Cadeira,977.74,518.17,True,2024-06-11,2024,6,11,1,June,False,852.52,7,0,1,1,1,13
15938,3383,716,2024-12-02,1900-01-01 05:43:15,app,2,431.0,10,0.0,parceiro,862.0,86.2,775.8,tx_015938,boleto,chargeback,814.82,570.37,07:11:58,True,39.020000000000095,True,Cliente 3383,tecnologia,TO,Norte,2023-08-17,Shampoo 716,Beleza,Shampoo,439.2,252.87,True,2024-12-02,2024,12,2,0,December,False,356.26,5,0,1,1,1,13
4140,1360,1096,2024-04-01,1900-01-01 08:08:28,app,3,411.78,5,24.9,parceiro,1235.34,61.766999999999996,1198.473,tx_004140,cartao_credito,chargeback,1198.47,1438.16,08:08:28,True,0.0029999999999290594,False,Cliente 1360,educacao,RS,Sul,2023-06-05,Perfume 1096,Beleza,Perfume,417.98,227.58,True,2024-04-01,2024,4,1,0,April,False,552.5999999999999,8,0,1,1,1,13
15364,3498,956,2024-08-17,1900-01-01 19:37:43,marketplace,1,824.7,10,24.9,parceiro,824.7,82.47000000000001,767.13,tx_015364,cartao_credito,chargeback,767.13,920.56,19:37:43,True,0.0,False,Cliente 3498,varejo,MG,Sudeste,2022-10-08,Cafeteira 956,Casa & Cozinha,Cafeteira,898.54,540.81,True,2024-08-17,2024,8,17,5,August,True,283.8900000000001,19,0,1,1,1,13
6253,3636,706,2024-11-16,1900-01-01 04:03:45,marketplace,1,181.49,10,9.9,parceiro,181.49,18.149,173.241,tx_010752,pix,chargeback,173.24,121.27,04:03:45,True,0.0010000000000047748,False,Cliente 3636,restaurante,MS,Centro-Oeste,2022-04-05,Calça 706,Moda,Calça,182.85,137.47,True,2024-11-16,2024,11,16,5,November,True,44.02000000000001,4,0,1,1,1,13
9302,2568,652,2024-08-17,1900-01-01 13:02:10,site,2,542.04,5,0.0,parceiro,1084.08,54.204,1029.876,tx_009302,boleto,chargeback,1055.58,1266.7,14:14:09,True,25.70399999999995,True,Cliente 2568,saude,MG,Sudeste,2023-03-31,Tênis 652,Moda,Tênis,551.48,356.23,True,2024-08-17,2024,8,17,5,August,True,371.6199999999999,13,0,1,1,1,13
163,4373,930,2024-02-27,1900-01-01 16:34:02,marketplace,1,1894.83,10,24.9,zoop,1894.83,189.483,1730.247,tx_001936,pix,chargeback,1730.25,1384.2,16:34:02,True,0.0029999999999290594,False,Cliente 4373,restaurante,RN,Nordeste,2023-01-27,Tênis 930,Moda,Tênis,1937.58,1289.43,True,2024-02-27,2024,2,27,1,February,False,605.3999999999999,16,0,1,1,1,13
14382,3224,844,2024-07-23,1900-01-01 18:58:12,site,1,1791.99,0,9.9,parceiro,1791.99,0.0,1801.89,tx_014382,pix,chargeback,1801.89,1441.51,18:58:12,True,0.0,False,Cliente 3224,servicos,TO,Norte,2023-04-12,Aspirador 844,Casa & Cozinha,Aspirador,1756.57,1160.75,True,2024-07-23,2024,7,23,1,July,False,631.24,18,0,1,1,1,13
19097,4870,757,2024-10-17,1900-01-01 18:57:19,app,3,934.01,5,0.0,parceiro,2802.0299999999997,140.1015,2661.9285,tx_019097,cartao_credito,chargeback,2661.93,1863.35,18:57:19,True,0.0014999999998508429,False,Cliente 4870,varejo,RO,Norte,2022-07-14,Mesa 757,Escritório,Mesa,915.34,519.3,True,2024-10-17,2024,10,17,3,October,False,1244.1299999999999,18,0,1,1,1,13
12127,1223,1096,2024-08-29,1900-01-01 20:19:01,app,2,369.19,10,0.0,zoop,738.38,73.83800000000001,664.542,tx_012127,pix,chargeback,683.68,888.78,14:26:23,True,19.13799999999992,True,Cliente 1223,tecnologia,SC,Sul,2023-04-24,Perfume 1096,Beleza,Perfume,417.98,227.58,True,2024-08-29,2024,8,29,3,August,False,283.21999999999997,20,0,1,1,1,13
9302,2568,652,2024-08-17,1900-01-01 14:14:09,site,2,555.57,5,0.0,parceiro,1111.14,55.55700000000001,1055.583,tx_009302,boleto,chargeback,1055.58,1266.7,14:14:09,True,0.003000000000156433,False,Cliente 2568,saude,MG,Sudeste,2023-03-31,Tênis 652,Moda,Tênis,551.48,356.23,True,2024-08-17,2024,8,17,5,August,True,398.68000000000006,14,0,1,1,1,13
12563,4622,700,2024-02-16,1900-01-01 17:02:15,site,3,573.08,0,14.9,zoop,1719.2400000000002,0.0,1734.1400000000003,tx_012563,pix,chargeback,1814.9,2359.37,01:15:32,True,80.75999999999976,True,Cliente 4622,saude,ES,Sudeste,2023-07-08,Câmera 700,Eletrônicos,Câmera,71.38,42.17,True,2024-02-16,2024,2,16,4,February,False,1592.7300000000002,17,0,1,1,1,13
11221,2990,858,2024-02-12,1900-01-01 17:20:28,app,3,975.02,15,14.9,parceiro,2925.06,438.75899999999996,2501.201,tx_011221,boleto,chargeback,2501.2,3251.56,17:20:28,True,0.0010000000002037268,False,Cliente 2990,varejo,RO,Norte,2023-02-10,Calça 858,Moda,Calça,944.35,500.41,True,2024-02-12,2024,2,12,0,February,False,1423.83,17,0,1,1,1,13
5217,2819,959,2024-11-18,1900-01-01 09:04:31,site,1,966.15,15,0.0,zoop,966.15,144.92249999999999,821.2275,tx_006995,boleto,chargeback,821.23,1067.6,09:04:31,True,0.0025000000000545697,False,Cliente 2819,industria,CE,Nordeste,2022-02-28,Perfume 959,Beleza,Perfume,956.08,501.74,True,2024-11-18,2024,11,18,0,November,False,464.40999999999997,9,0,1,1,1,13
11183,2167,792,2024-08-06,1900-01-01 08:49:44,marketplace,1,961.65,5,19.9,zoop,961.65,48.0825,933.4675,tx_011183,cartao_credito,chargeback,974.55,1169.46,16:23:44,True,41.08249999999998,True,Cliente 2167,industria,RO,Norte,2023-01-29,Camiseta 792,Moda,Camiseta,938.34,679.79,True,2024-08-06,2024,8,6,1,August,False,281.86,8,0,1,1,1,13
4197,3082,1092,2024-02-13,1900-01-01 09:03:08,marketplace,3,798.45,5,0.0,parceiro,2395.3500000000004,119.76750000000003,2275.5825000000004,tx_004197,cartao_credito,chargeback,2275.58,1820.46,09:03:08,True,0.002500000000509317,False,Cliente 3082,varejo,PR,Sul,2023-02-07,Cadeira 1092,Escritório,Cadeira,832.4,489.57,True,2024-02-13,2024,2,13,1,February,False,926.6400000000003,9,0,1,1,1,13
17293,3978,506,2024-10-19,1900-01-01 07:45:47,site,2,569.37,5,9.9,parceiro,1138.74,56.937000000000005,1091.7030000000002,tx_017293,boleto,chargeback,1091.7,764.19,07:45:47,True,0.003000000000156433,False,Cliente 3978,tecnologia,ES,Sudeste,2023-01-12,Notebook 506,Eletrônicos,Notebook,574.54,455.61,True,2024-10-19,2024,10,19,5,October,True,227.51999999999998,7,0,1,1,1,13
14205,4359,754,2024-03-25,1900-01-01 19:33:22,marketplace,3,2659.2,0,24.9,zoop,7977.599999999999,0.0,8002.499999999999,tx_014205,cartao_credito,chargeback,8002.5,9603.0,19:33:22,True,9.094947017729282e-13,False,Cliente 4359,saude,RO,Norte,2023-08-21,Teclado 754,Escritório,Teclado,1539.39,1209.83,False,2024-03-25,2024,3,25,0,March,False,4348.11,19,0,1,1,1,13
14382,3224,844,2024-07-23,1900-01-01 22:39:34,site,1,1758.29,0,9.9,parceiro,1758.29,0.0,1768.19,tx_014382,pix,chargeback,1801.89,1441.51,18:58:12,True,33.700000000000045,True,Cliente 3224,servicos,TO,Norte,2023-04-12,Aspirador 844,Casa & Cozinha,Aspirador,1756.57,1160.75,True,2024-07-23,2024,7,23,1,July,False,597.54,22,0,1,1,1,13
7284,2372,982,2024-11-17,1900-01-01 03:07:49,site,1,1461.28,15,9.9,zoop,1461.28,219.19199999999998,1251.988,tx_007284,boleto,chargeback,1251.99,876.39,03:07:49,True,0.0019999999999527063,False,Cliente 2372,varejo,MS,Centro-Oeste,2022-09-27,Tênis 982,Moda,Tênis,1392.56,773.87,True,2024-11-17,2024,11,17,6,November,True,687.41,3,0,1,1,1,13
15938,3383,716,2024-12-02,1900-01-01 07:11:58,app,2,452.68,10,0.0,parceiro,905.36,90.536,814.8240000000001,tx_015938,boleto,chargeback,814.82,570.37,07:11:58,True,0.004000000000019099,False,Cliente 3383,tecnologia,TO,Norte,2023-08-17,Shampoo 716,Beleza,Shampoo,439.2,252.87,True,2024-12-02,2024,12,2,0,December,False,399.62,7,0,1,1,1,13
13959,3711,860,2024-10-31,1900-01-01 20:40:00,site,2,613.2,5,19.9,parceiro,1226.4,61.32000000000001,1184.9800000000002,tx_011973,pix,chargeback,1184.98,1421.98,20:40:00,True,2.2737367544323206e-13,False,Cliente 3711,varejo,ES,Sudeste,2023-06-10,Teclado 860,Escritório,Teclado,592.84,347.01,True,2024-10-31,2024,10,31,3,October,False,532.3800000000001,20,0,1,1,1,13
7284,2372,982,2024-11-17,1900-01-01 03:34:26,site,1,1517.3,15,9.9,zoop,1517.3,227.595,1299.605,tx_007284,boleto,chargeback,1251.99,876.39,03:07:49,True,47.61500000000001,True,Cliente 2372,varejo,MS,Centro-Oeste,2022-09-27,Tênis 982,Moda,Tênis,1392.56,773.87,True,2024-11-17,2024,11,17,6,November,True,743.43,3,0,1,1,1,13
12127,1223,1096,2024-08-29,1900-01-01 14:26:23,app,2,379.82,10,0.0,zoop,759.64,75.964,683.6759999999999,tx_012127,pix,chargeback,683.68,888.78,14:26:23,True,0.004000000000019099,False,Cliente 1223,tecnologia,SC,Sul,2023-04-24,Perfume 1096,Beleza,Perfume,417.98,227.58,True,2024-08-29,2024,8,29,3,August,False,304.47999999999996,14,0,1,1,1,13
18026,4597,1005,2024-05-05,1900-01-01 19:51:45,site,3,824.69,15,0.0,parceiro,2474.07,371.1105,2102.9595,tx_018026,cartao_credito,chargeback,2011.29,2614.68,04:18:04,True,91.66949999999997,True,Cliente 4597,educacao,RN,Nordeste,2023-03-16,Mesa 1005,Escritório,Mesa,849.6,587.01,True,2024-05-05,2024,5,5,6,May,True,713.0400000000002,19,0,1,1,1,13
19273,1444,886,2024-03-13,1900-01-01 12:06:50,site,3,1436.45,5,0.0,parceiro,4309.35,215.46750000000003,4093.8825,tx_017914,pix,chargeback,4093.88,2865.72,12:06:50,True,0.0025000000000545697,False,Cliente 1444,servicos,TO,Norte,2023-02-02,Teclado 886,Escritório,Teclado,1471.42,897.83,True,2024-03-13,2024,3,13,2,March,False,1615.8600000000001,12,0,1,1,1,13
4530,4813,807,2024-10-31,1900-01-01 20:34:07,app,3,209.88,0,0.0,parceiro,629.64,0.0,629.64,tx_001864,cartao_credito,chargeback,629.64,440.75,20:34:07,True,0.0,False,Cliente 4813,industria,AM,Norte,2023-02-03,Shampoo 807,Beleza,Shampoo,213.21,163.89,True,2024-10-31,2024,10,31,3,October,False,137.97000000000003,20,0,1,1,1,13
16240,3647,828,2024-11-18,1900-01-01 04:46:58,site,1,388.27,5,0.0,zoop,388.27,19.4135,368.8565,tx_016240,boleto,chargeback,368.86,258.2,04:46:58,True,0.003500000000030923,False,Cliente 3647,restaurante,SP,Sudeste,2022-12-20,Aspirador 828,Casa & Cozinha,Aspirador,431.3,276.48,True,2024-11-18,2024,11,18,0,November,False,111.78999999999996,4,0,1,1,1,13
16883,1101,649,2024-05-16,1900-01-01 22:51:36,app,3,261.41,10,0.0,zoop,784.23,78.423,705.807,tx_016934,cartao_credito,chargeback,705.81,917.55,22:51:36,True,0.0029999999999290594,False,Cliente 1101,servicos,PR,Sul,2022-10-31,Cafeteira 649,Casa & Cozinha,Cafeteira,263.1,196.19,True,2024-05-16,2024,5,16,3,May,False,195.66000000000008,22,0,1,1,1,13
5988,1562,969,2024-12-02,1900-01-01 07:38:28,app,2,732.84,0,9.9,zoop,1465.68,0.0,1475.5800000000002,tx_008105,pix,chargeback,1475.58,1180.46,07:38:28,True,2.2737367544323206e-13,False,Cliente 1562,educacao,PE,Nordeste,2022-02-27,Calça 969,Moda,Calça,707.65,416.69,True,2024-12-02,2024,12,2,0,December,False,632.3000000000001,7,0,1,1,1,13
12231,3980,587,2024-04-04,1900-01-01 16:42:20,site,2,1617.22,0,19.9,zoop,3234.44,0.0,3254.34,tx_012231,boleto,chargeback,3254.34,2603.47,16:42:20,True,0.0,False,Cliente 3980,saude,MS,Centro-Oeste,2023-05-03,Liquidificador 587,Casa & Cozinha,Liquidificador,1739.52,929.66,True,2024-04-04,2024,4,4,3,April,False,1375.1200000000001,16,0,1,1,1,13
15,4113,635,2024-06-16,1900-01-01 13:23:42,marketplace,1,316.6,15,0.0,zoop,316.6,47.49,269.11,tx_000015,boleto,chargeback,269.11,322.93,13:23:42,True,0.0,False,Cliente 4113,industria,CE,Nordeste,2023-03-09,Cadeira 635,Escritório,Cadeira,343.47,223.48,True,2024-06-16,2024,6,16,6,June,True,93.12000000000003,13,0,1,1,1,13
10841,1111,642,2024-08-18,1900-01-01 07:10:52,app,1,415.98,0,24.9,parceiro,415.98,0.0,440.88,tx_019937,pix,chargeback,440.88,573.14,07:10:52,True,0.0,False,Cliente 1111,varejo,AC,Norte,2022-03-25,Calça 642,Moda,Calça,450.84,331.69,True,2024-08-18,2024,8,18,6,August,True,84.29000000000002,7,0,1,1,1,13
18730,1784,737,2024-12-05,1900-01-01 00:56:55,site,2,95.3,0,24.9,parceiro,190.6,0.0,215.5,tx_018730,boleto,chargeback,215.5,258.6,00:56:55,True,0.0,False,Cliente 1784,educacao,RJ,Sudeste,2023-05-07,Camiseta 737,Moda,Camiseta,91.7,47.37,True,2024-12-05,2024,12,5,3,December,False,95.86,0,0,1,1,1,13
16702,1117,781,2024-04-12,1900-01-01 08:50:34,app,1,326.55,10,0.0,zoop,326.55,32.655,293.895,tx_008823,boleto,chargeback,293.89,235.11,08:50:34,True,0.0049999999999954525,False,Cliente 1117,restaurante,MS,Centro-Oeste,2022-03-16,Mesa 781,Escritório,Mesa,328.78,196.6,True,2024-04-12,2024,4,12,4,April,False,129.95000000000002,8,0,1,1,1,13
4537,4306,708,2024-06-02,1900-01-01 16:39:36,marketplace,1,306.52,10,19.9,parceiro,306.52,30.652,295.768,tx_015432,cartao_credito,chargeback,295.77,236.62,16:39:36,True,0.0020000000000095497,False,Cliente 4306,educacao,CE,Nordeste,2022-12-18,Creme 708,Beleza,Creme,302.16,180.46,True,2024-06-02,2024,6,2,6,June,True,126.05999999999997,16,0,1,1,1,13
11183,2167,792,2024-08-06,1900-01-01 16:23:44,marketplace,1,1004.89,5,19.9,zoop,1004.89,50.2445,974.5455,tx_011183,cartao_credito,chargeback,974.55,1169.46,16:23:44,True,0.004500000000007276,False,Cliente 2167,industria,RO,Norte,2023-01-29,Camiseta 792,Moda,Camiseta,938.34,679.79,True,2024-08-06,2024,8,6,1,August,False,325.1,16,0,1,1,1,13
3491,2578,669,2024-08-16,1900-01-01 01:17:54,marketplace,2,1795.4,5,24.9,parceiro,3590.8,179.54000000000002,3436.1600000000003,tx_003491,pix,chargeback,3436.16,4123.39,01:17:54,True,4.547473508864641e-13,False,Cliente 2578,tecnologia,RJ,Sudeste,2022-08-17,Shampoo 669,Beleza,Shampoo,1918.16,1281.76,True,2024-08-16,2024,8,16,4,August,False,1027.2800000000002,1,1,1,1,0,12
12563,4622,700,2024-02-16,1900-01-01 01:15:32,site,3,600.0,0,14.9,zoop,1800.0,0.0,1814.9,tx_012563,boleto,chargeback,1734.14,1699.99,17:02:15,False,80.75999999999999,True,Cliente 4622,saude,ES,Sudeste,2023-07-08,Câmera 700,Eletrônicos,Câmera,71.38,42.17,True,2024-02-16,2024,2,16,4,February,False,1673.49,1,1,0,1,1,12
5110,2461,518,2024-12-09,1900-01-01 02:35:04,marketplace,2,1592.84,0,9.9,parceiro,3185.68,0.0,3195.58,tx_005110,boleto,chargeback,3195.58,2556.46,02:35:04,True,0.0,False,Cliente 2461,industria,TO,Norte,2023-05-03,Cadeira 518,Escritório,Cadeira,1618.39,878.44,True,2024-12-09,2024,12,9,0,December,False,1428.7999999999997,2,1,1,1,0,12
17805,2234,947,2024-06-06,1900-01-01 04:17:01,marketplace,2,1501.86,5,19.9,parceiro,3003.72,150.186,2873.4339999999997,tx_008016,pix,chargeback,2873.43,2838.54,04:17:01,False,0.0039999999999054126,False,Cliente 2234,industria,RS,Sul,2023-07-14,Cadeira 947,Escritório,Cadeira,1461.31,798.23,True,2024-06-06,2024,6,6,3,June,False,1407.2599999999998,4,1,0,1,1,12
18985,2758,668,2024-12-29,1900-01-01 01:37:35,marketplace,3,522.2,5,14.9,parceiro,1566.6000000000001,78.33000000000001,1503.1700000000003,tx_018985,cartao_credito,chargeback,1503.17,1052.22,01:37:35,True,2.2737367544323206e-13,False,Cliente 2758,saude,ES,Sudeste,2023-05-06,Smartphone 668,Eletrônicos,Smartphone,539.97,326.72,True,2024-12-29,2024,12,29,6,December,True,586.44,1,1,1,1,0,12
8939,3361,790,2024-07-08,1900-01-01 03:12:40,marketplace,2,1215.51,10,19.9,zoop,2431.02,243.102,2207.818,tx_008939,boleto,chargeback,2207.82,2649.38,03:12:40,True,0.0019999999999527063,False,Cliente 3361,tecnologia,DF,Centro-Oeste,2023-03-04,Câmera 790,Eletrônicos,Câmera,1334.74,875.72,True,2024-07-08,2024,7,8,0,July,False,679.5799999999999,3,1,1,1,0,12
4204,2207,1079,2024-09-06,1900-01-01 02:11:30,site,1,1620.97,5,19.9,zoop,1620.97,81.0485,1559.8215,tx_004204,cartao_credito,chargeback,1559.82,1871.78,02:11:30,True,0.0015000000000782165,False,Cliente 2207,industria,PE,Nordeste,2023-08-14,Shampoo 1079,Beleza,Shampoo,1642.92,1161.33,True,2024-09-06,2024,9,6,4,September,False,459.6400000000001,2,1,1,1,0,12
12122,2010,811,2024-03-08,1900-01-01 01:01:45,site,2,2631.639331857108,10,14.9,zoop,5263.278663714216,526.3278663714217,4751.850797342794,tx_012122,cartao_credito,chargeback,4751.85,3326.3,01:01:45,True,0.0007973427937031374,False,Cliente 2010,restaurante,CE,Nordeste,2023-05-20,Shampoo 811,Beleza,Shampoo,1695.07,1064.52,True,2024-03-08,2024,3,8,4,March,False,3134.2386637142163,1,1,1,1,0,12
8886,3828,1069,2024-01-18,1900-01-01 01:55:24,site,3,1530.76,15,0.0,zoop,4592.28,688.842,3903.4379999999996,tx_008886,pix,chargeback,3903.44,5074.47,01:55:24,True,0.0020000000004074536,False,Cliente 3828,tecnologia,AC,Norte,2023-03-21,Calça 1069,Moda,Calça,1591.48,951.24,True,2024-01-18,2024,1,18,3,January,False,1738.5599999999995,1,1,1,1,0,12
10767,2840,799,2024-10-29,1900-01-01 05:33:23,site,3,1582.91,0,19.9,zoop,4748.7300000000005,0.0,4768.63,tx_010767,pix,chargeback,4768.63,5722.36,05:33:23,True,0.0,False,Cliente 2840,restaurante,AM,Norte,2023-07-05,Liquidificador 799,Casa & Cozinha,Liquidificador,1758.1,887.23,True,2024-10-29,2024,10,29,1,October,False,2087.0400000000004,5,1,1,1,0,12
14284,2982,996,2024-08-07,1900-01-01 01:12:39,marketplace,2,2774.5327974567435,0,19.9,parceiro,5549.065594913487,0.0,5568.965594913487,tx_014284,pix,chargeback,5568.97,4455.18,01:12:39,True,0.0044050865135432105,False,Cliente 2982,saude,PA,Norte,2022-11-16,Tênis 996,Moda,Tênis,1500.13,1195.46,True,2024-08-07,2024,8,7,2,August,False,3158.145594913487,1,1,1,1,0,12
6505,2527,1057,2024-11-05,1900-01-01 05:51:34,app,3,1037.9638890310412,15,9.9,zoop,3113.8916670931235,467.0837500639685,2656.707917029155,tx_006505,cartao_credito,chargeback,2656.71,3188.05,05:51:34,True,0.0020829708450946782,False,Cliente 2527,tecnologia,ES,Sudeste,2023-08-11,Câmera 1057,Eletrônicos,Câmera,717.33,506.5,True,2024-11-05,2024,11,5,1,November,False,1594.3916670931235,5,1,1,1,0,12
18696,2676,901,2024-06-28,1900-01-01 01:18:41,site,3,697.34,5,14.9,parceiro,2092.02,104.601,2002.319,tx_018696,pix,chargeback,2002.32,2402.78,01:18:41,True,0.0009999999999763531,False,Cliente 2676,saude,GO,Centro-Oeste,2023-02-19,Teclado 901,Escritório,Teclado,724.27,454.28,True,2024-06-28,2024,6,28,4,June,False,729.1800000000001,1,1,1,1,0,12
6464,3680,734,2024-12-27,1900-01-01 04:26:00,app,2,1125.18,0,14.9,parceiro,2250.36,0.0,2265.26,tx_011585,pix,chargeback,2265.26,2376.5600000000004,04:26:00,False,0.0,False,Cliente 3680,restaurante,RJ,Sudeste,2023-01-05,Câmera 734,Eletrônicos,Câmera,1215.75,831.24,False,2024-12-27,2024,12,27,4,December,False,587.8800000000001,4,1,0,1,1,12
17277,2554,570,2024-11-22,1900-01-01 01:15:38,app,3,1792.4854568594426,5,0.0,parceiro,5377.456370578328,268.8728185289164,5108.583552049411,tx_017277,boleto,chargeback,5108.58,6641.15,01:15:38,True,0.003552049411155167,False,Cliente 2554,industria,RO,Norte,2023-08-02,Notebook 570,Eletrônicos,Notebook,1032.75,712.01,True,2024-11-22,2024,11,22,4,November,False,3241.426370578328,1,1,1,1,0,12
14272,2776,1079,2024-01-14,1900-01-01 03:16:20,site,2,1711.78,0,19.9,parceiro,3423.56,0.0,3443.46,tx_014272,boleto,chargeback,3443.46,2754.77,03:16:20,True,0.0,False,Cliente 2776,varejo,PR,Sul,2022-01-17,Shampoo 1079,Beleza,Shampoo,1642.92,1161.33,True,2024-01-14,2024,1,14,6,January,True,1100.9,3,1,1,1,0,12
15547,2478,600,2024-09-24,1900-01-01 05:48:06,marketplace,3,1591.75,5,14.9,zoop,4775.25,238.76250000000002,4551.3875,tx_015547,pix,chargeback,4551.39,3185.97,05:48:06,True,0.002500000000509317,False,Cliente 2478,servicos,PR,Sul,2022-12-17,Camiseta 600,Moda,Camiseta,1569.25,842.2,True,2024-09-24,2024,9,24,1,September,False,2248.6499999999996,5,1,1,1,0,12
13293,3144,1010,2024-10-16,1900-01-01 00:10:15,app,3,1375.66,0,24.9,zoop,4126.9800000000005,0.0,4151.88,tx_013293,pix,chargeback,4151.88,3321.5,00:10:15,True,0.0,False,Cliente 3144,restaurante,AC,Norte,2023-04-05,Mesa 1010,Escritório,Mesa,1459.22,834.37,True,2024-10-16,2024,10,16,2,October,False,1623.8700000000003,0,1,1,1,0,12
19409,3677,893,2024-03-16,1900-01-01 01:41:07,marketplace,1,1801.22,10,19.9,zoop,1801.22,180.122,1640.998,tx_019409,pix,chargeback,1641.0,2133.3,01:41:07,True,0.0019999999999527063,False,Cliente 3677,educacao,SC,Sul,2022-03-01,Cafeteira 893,Casa & Cozinha,Cafeteira,1754.61,1047.5,True,2024-03-16,2024,3,16,5,March,True,753.72,1,1,1,1,0,12
16536,3079,501,2024-01-22,1900-01-01 05:14:36,app,3,630.37,10,9.9,zoop,1891.1100000000001,189.11100000000002,1711.8990000000001,tx_016536,cartao_credito,chargeback,1711.9,2054.28,05:14:36,True,0.0009999999999763531,False,Cliente 3079,varejo,AM,Norte,2022-11-23,Mesa 501,Escritório,Mesa,660.34,457.33,True,2024-01-22,2024,1,22,0,January,False,519.1200000000001,5,1,1,1,0,12
13875,4379,680,2024-01-15,1900-01-01 02:44:57,site,3,1135.2,10,14.9,zoop,3405.6000000000004,340.56000000000006,3079.9400000000005,tx_013875,pix,chargeback,3079.94,2463.95,02:44:57,True,4.547473508864641e-13,False,Cliente 4379,varejo,BA,Nordeste,2022-05-02,Notebook 680,Eletrônicos,Notebook,1249.0,737.81,True,2024-01-15,2024,1,15,0,January,False,1192.1700000000005,2,1,1,1,0,12
5870,2248,820,2024-07-23,1900-01-01 02:05:29,app,2,1644.95,10,19.9,zoop,3289.9,328.99,2980.81,tx_005870,boleto,chargeback,2980.81,2086.57,02:05:29,True,0.0,False,Cliente 2248,educacao,MG,Sudeste,2023-08-05,Perfume 820,Beleza,Perfume,1669.68,982.58,True,2024-07-23,2024,7,23,1,July,False,1324.74,2,1,1,1,0,12
10244,2641,1041,2024-08-06,1900-01-01 00:03:33,marketplace,2,1973.41,0,24.9,zoop,3946.82,0.0,3971.7200000000003,tx_010244,pix,chargeback,3971.72,2780.2,00:03:33,True,4.547473508864641e-13,False,Cliente 2641,varejo,PR,Sul,2022-06-07,Perfume 1041,Beleza,Perfume,1941.38,1003.29,True,2024-08-06,2024,8,6,1,August,False,1940.2400000000002,0,1,1,1,0,12
14940,1940,754,2024-06-20,1900-01-01 00:56:34,app,3,1413.6,10,14.9,parceiro,4240.799999999999,424.0799999999999,3831.6199999999994,tx_014940,cartao_credito,chargeback,3831.62,4597.94,00:56:34,True,4.547473508864641e-13,False,Cliente 1940,educacao,PA,Norte,2022-12-12,Teclado 754,Escritório,Teclado,1539.39,1209.83,False,2024-06-20,2024,6,20,3,June,False,611.3099999999995,0,1,1,1,0,12
924,4676,646,2024-12-25,1900-01-01 00:56:39,app,1,1855.82,0,0.0,zoop,1855.82,0.0,1855.82,tx_000924,pix,chargeback,1855.82,1484.66,00:56:39,True,0.0,False,Cliente 4676,varejo,RJ,Sudeste,2022-12-31,Cadeira 646,Escritório,Cadeira,1925.41,1347.42,True,2024-12-25,2024,12,25,2,December,False,508.39999999999986,0,1,1,1,0,12
9283,1638,674,2024-02-08,1900-01-01 03:04:20,site,3,600.0,10,24.9,parceiro,1800.0,180.0,1644.9,tx_011753,pix,chargeback,1644.9,1597.19,03:04:20,False,0.0,False,Cliente 1638,educacao,BA,Nordeste,2023-03-03,Tênis 674,Moda,Tênis,321.17,234.55,True,2024-02-08,2024,2,8,3,February,False,1096.35,3,1,0,1,1,12
12639,4601,655,2024-09-20,1900-01-01 02:16:57,marketplace,1,1964.76,10,24.9,zoop,1964.76,196.476,1793.1840000000002,tx_012639,cartao_credito,chargeback,1793.18,2331.13,02:16:57,True,0.004000000000132786,False,Cliente 4601,educacao,GO,Centro-Oeste,2022-02-28,Notebook 655,Eletrônicos,Notebook,1957.36,1481.49,True,2024-09-20,2024,9,20,4,September,False,483.27,2,1,1,1,0,12
19065,4148,567,2024-04-27,1900-01-01 00:39:54,app,1,1906.22,10,24.9,zoop,1906.22,190.622,1740.498,tx_019065,pix,chargeback,1740.5,2088.6,00:39:54,True,0.0019999999999527063,False,Cliente 4148,restaurante,DF,Centro-Oeste,2023-01-19,Aspirador 567,Casa & Cozinha,Aspirador,1947.33,1086.22,True,2024-04-27,2024,4,27,5,April,True,820.0,0,1,1,1,0,12
2022,3047,1088,2024-04-11,1900-01-01 03:13:48,site,3,1201.23,10,24.9,parceiro,3603.69,360.369,3268.221,tx_002022,pix,chargeback,3268.22,3921.86,03:13:48,True,0.0010000000002037268,False,Cliente 3047,educacao,TO,Norte,2023-03-30,Perfume 1088,Beleza,Perfume,1168.54,748.49,True,2024-04-11,2024,4,11,3,April,False,1358.2199999999998,3,1,1,1,0,12
13814,1903,1094,2024-01-02,1900-01-01 03:46:42,site,3,1862.732335008948,5,0.0,zoop,5588.197005026844,279.4098502513422,5308.787154775501,tx_013814,pix,chargeback,5308.79,6901.43,03:46:42,True,0.002845224498742027,False,Cliente 1903,restaurante,CE,Nordeste,2022-03-04,Aspirador 1094,Casa & Cozinha,Aspirador,1364.64,816.04,True,2024-01-02,2024,1,2,1,January,False,3140.077005026844,3,1,1,1,0,12
13318,2802,874,2024-06-02,1900-01-01 00:16:29,app,3,1603.69,0,9.9,parceiro,4811.07,0.0,4820.969999999999,tx_013318,cartao_credito,chargeback,4820.97,6267.26,00:16:29,True,9.094947017729282e-13,False,Cliente 2802,saude,RS,Sul,2023-07-20,Smartphone 874,Eletrônicos,Smartphone,1775.83,1151.72,True,2024-06-02,2024,6,2,6,June,True,1355.9099999999999,0,1,1,1,0,12
13044,2470,1063,2024-05-19,1900-01-01 01:07:16,site,2,2666.830697956447,5,14.9,parceiro,5333.661395912894,266.6830697956447,5081.878326117248,tx_013044,cartao_credito,chargeback,5081.88,3557.32,01:07:16,True,0.0016738827516746824,False,Cliente 2470,restaurante,DF,Centro-Oeste,2023-08-23,Camiseta 1063,Moda,Camiseta,1868.11,1198.57,True,2024-05-19,2024,5,19,6,May,True,2936.5213959128937,1,1,1,1,0,12
19044,2264,735,2024-08-30,1900-01-01 00:10:32,site,3,1784.18,10,14.9,zoop,5352.54,535.254,4832.186,tx_019044,cartao_credito,chargeback,4832.19,6281.85,00:10:32,True,0.0039999999999054126,False,Cliente 2264,restaurante,BA,Nordeste,2023-02-10,Creme 735,Beleza,Creme,1894.92,1101.24,False,2024-08-30,2024,8,30,4,August,False,2048.8199999999997,0,1,1,1,0,12
10850,1169,782,2024-03-23,1900-01-01 02:46:24,site,1,1712.98,10,9.9,zoop,1712.98,171.298,1551.582,tx_010850,cartao_credito,chargeback,1551.58,2017.05,02:46:24,True,0.00200000000018008,False,Cliente 1169,saude,DF,Centro-Oeste,2022-03-13,Calça 782,Moda,Calça,1799.01,1101.74,True,2024-03-23,2024,3,23,5,March,True,611.24,2,1,1,1,0,12
13838,2071,699,2024-01-16,1900-01-01 02:31:50,site,3,1581.38,15,9.9,zoop,4744.14,711.621,4042.4190000000003,tx_013838,boleto,chargeback,4042.42,3233.94,02:31:50,True,0.0009999999997489795,False,Cliente 2071,restaurante,SC,Sul,2022-11-30,Mesa 699,Escritório,Mesa,1635.48,890.44,True,2024-01-16,2024,1,16,1,January,False,2072.82,2,1,1,1,0,12
14263,4882,582,2024-01-07,1900-01-01 00:33:07,app,3,1268.86,0,14.9,zoop,3806.58,0.0,3821.48,tx_014263,cartao_credito,chargeback,3821.48,4967.92,00:33:07,True,0.0,False,Cliente 4882,varejo,TO,Norte,2022-06-25,Mesa 582,Escritório,Mesa,1284.76,816.16,True,2024-01-07,2024,1,7,6,January,True,1358.1,0,1,1,1,0,12
16450,4740,597,2024-05-18,1900-01-01 05:44:52,app,3,629.08,15,0.0,zoop,1887.2400000000002,283.086,1604.1540000000002,tx_016450,boleto,chargeback,1604.15,2085.4,05:44:52,True,0.004000000000132786,False,Cliente 4740,tecnologia,ES,Sudeste,2022-05-07,Creme 597,Beleza,Creme,621.91,465.19,True,2024-05-18,2024,5,18,5,May,True,491.6700000000003,5,1,1,1,0,12
15985,4118,765,2024-06-02,1900-01-01 02:44:08,app,3,1781.91,15,9.9,parceiro,5345.7300000000005,801.8595,4553.7705000000005,tx_017619,boleto,chargeback,4553.77,4671.81,02:44:08,False,0.0005000000001018634,False,Cliente 4118,industria,RO,Norte,2022-01-06,Liquidificador 765,Casa & Cozinha,Liquidificador,1819.12,1062.75,True,2024-06-02,2024,6,2,6,June,True,2157.4800000000005,2,1,0,1,1,12
6607,1107,880,2024-03-29,1900-01-01 00:52:12,marketplace,2,1316.31,15,0.0,zoop,2632.62,394.893,2237.727,tx_006607,pix,chargeback,2237.73,1566.41,00:52:12,True,0.003000000000156433,False,Cliente 1107,tecnologia,MG,Sudeste,2022-07-10,Tênis 880,Moda,Tênis,1453.51,1098.44,True,2024-03-29,2024,3,29,4,March,False,435.7399999999998,0,1,1,1,0,12
19668,1263,619,2024-03-08,1900-01-01 02:08:06,marketplace,3,546.28,5,14.9,zoop,1638.84,81.94200000000001,1571.798,tx_019668,pix,chargeback,1571.8,1886.16,02:08:06,True,0.0019999999999527063,False,Cliente 1263,varejo,RN,Nordeste,2023-05-22,Creme 619,Beleza,Creme,575.99,317.43,True,2024-03-08,2024,3,8,4,March,False,686.55,2,1,1,1,0,12
6601,1603,827,2024-07-29,1900-01-01 03:53:19,site,2,810.0153058958781,5,19.9,parceiro,1620.0306117917562,81.00153058958782,1558.9290812021684,tx_006601,cartao_credito,chargeback,1558.93,2026.61,03:53:19,True,0.000918797831673146,False,Cliente 1603,servicos,MS,Centro-Oeste,2023-07-01,Smartphone 827,Eletrônicos,Smartphone,529.21,357.69,True,2024-07-29,2024,7,29,0,July,False,904.6506117917562,3,1,1,1,0,12
452,1577,994,2024-01-28,1900-01-01 02:35:50,app,3,600.0,15,14.9,zoop,1800.0,270.0,1544.9,tx_000452,boleto,chargeback,1544.9,1081.43,02:35:50,True,0.0,False,Cliente 1577,servicos,AC,Norte,2023-01-08,Cadeira 994,Escritório,Cadeira,353.77,238.96,True,2024-01-28,2024,1,28,6,January,True,1083.12,2,1,1,1,0,12
19025,4956,575,2024-03-01,1900-01-01 04:17:54,site,3,2127.425614388063,5,14.9,parceiro,6382.276843164189,319.1138421582095,6078.0630010059795,tx_019025,pix,chargeback,6078.06,4254.64,04:17:54,True,0.003001005979058391,False,Cliente 4956,restaurante,DF,Centro-Oeste,2023-05-22,Liquidificador 575,Casa & Cozinha,Liquidificador,1321.73,748.8,True,2024-03-01,2024,3,1,4,March,False,4135.876843164189,4,1,1,1,0,12
13506,3362,891,2024-04-02,1900-01-01 00:35:51,marketplace,1,1746.68,5,14.9,zoop,1746.68,87.334,1674.246,tx_013506,cartao_credito,chargeback,1674.25,2009.1,00:35:51,True,0.0039999999999054126,False,Cliente 3362,restaurante,PR,Sul,2022-05-09,Shampoo 891,Beleza,Shampoo,1822.08,1025.45,False,2024-04-02,2024,4,2,1,April,False,721.23,0,1,1,1,0,12
3481,2236,1059,2024-06-24,1900-01-01 02:28:33,app,2,896.22,15,19.9,zoop,1792.44,268.866,1543.4740000000002,tx_007197,cartao_credito,chargeback,1543.47,1478.48,02:28:33,False,0.004000000000132786,False,Cliente 2236,varejo,MT,Centro-Oeste,2022-08-27,Tênis 1059,Moda,Tênis,969.63,684.0,True,2024-06-24,2024,6,24,0,June,False,424.44000000000005,2,1,0,1,1,12
2118,2368,636,2024-08-30,1900-01-01 00:45:11,marketplace,3,553.71,0,0.0,parceiro,1661.13,0.0,1661.13,tx_002118,pix,chargeback,1661.13,1162.79,00:45:11,True,0.0,False,Cliente 2368,saude,PA,Norte,2022-09-29,Câmera 636,Eletrônicos,Câmera,581.2,307.65,True,2024-08-30,2024,8,30,4,August,False,738.1800000000002,0,1,1,1,0,12
14307,1382,760,2024-10-27,1900-01-01 05:35:19,marketplace,3,782.1855421087898,15,14.9,zoop,2346.5566263263695,351.9834939489554,2009.4731323774142,tx_014307,pix,chargeback,2009.47,2411.36,05:35:19,True,0.003132377414203802,False,Cliente 1382,saude,MG,Sudeste,2022-09-29,Tênis 760,Moda,Tênis,471.97,239.86,True,2024-10-27,2024,10,27,6,October,True,1626.9766263263696,5,1,1,1,0,12
18239,2398,950,2024-07-14,1900-01-01 03:41:04,app,2,823.6361269297635,0,9.9,parceiro,1647.272253859527,0.0,1657.172253859527,tx_018239,cartao_credito,chargeback,1657.17,1325.74,03:41:04,True,0.0022538595269452344,False,Cliente 2398,educacao,RO,Norte,2022-04-13,Teclado 950,Escritório,Teclado,523.03,405.39,True,2024-07-14,2024,7,14,6,July,True,836.492253859527,3,1,1,1,0,12
222,4222,1092,2024-07-26,1900-01-01 04:42:52,marketplace,3,1214.0060966077333,5,0.0,zoop,3642.0182898231997,182.10091449115998,3459.9173753320397,tx_000222,boleto,chargeback,3459.92,4151.9,04:42:52,True,0.0026246679603900702,False,Cliente 4222,educacao,RS,Sul,2023-06-01,Cadeira 1092,Escritório,Cadeira,832.4,489.57,True,2024-07-26,2024,7,26,4,July,False,2173.3082898231996,4,1,1,1,0,12
6628,3711,768,2024-01-24,1900-01-01 04:37:34,app,3,1668.6,5,9.9,zoop,5005.799999999999,250.28999999999996,4765.409999999999,tx_006628,boleto,chargeback,4765.41,3812.33,04:37:34,True,9.094947017729282e-13,False,Cliente 3711,varejo,ES,Sudeste,2023-06-10,Tênis 768,Moda,Tênis,1629.18,1111.75,True,2024-01-24,2024,1,24,2,January,False,1670.5499999999993,4,1,1,1,0,12
1341,2812,757,2024-07-16,1900-01-01 03:53:08,marketplace,2,939.94,15,14.9,parceiro,1879.88,281.982,1612.7980000000002,tx_001341,boleto,chargeback,1612.8,1290.24,03:53:08,True,0.0019999999997253326,False,Cliente 2812,saude,SC,Sul,2022-01-06,Mesa 757,Escritório,Mesa,915.34,519.3,True,2024-07-16,2024,7,16,1,July,False,841.2800000000002,3,1,1,1,0,12
4070,1277,609,2024-12-23,1900-01-01 02:58:40,marketplace,3,2817.1043437257376,15,9.9,parceiro,8451.313031177213,1267.696954676582,7193.51607650063,tx_004070,cartao_credito,chargeback,7193.52,8632.22,02:58:40,True,0.003923499370102945,False,Cliente 1277,restaurante,TO,Norte,2022-12-27,Cadeira 609,Escritório,Cadeira,1795.96,1392.61,False,2024-12-23,2024,12,23,0,December,False,4273.483031177213,2,1,1,1,0,12
8674,2456,974,2024-07-02,1900-01-01 02:18:52,app,2,1315.0,10,19.9,zoop,2630.0,263.0,2386.9,tx_008674,boleto,chargeback,2386.9,2864.28,02:18:52,True,0.0,False,Cliente 2456,industria,SP,Sudeste,2023-05-25,Teclado 974,Escritório,Teclado,1252.96,971.84,True,2024-07-02,2024,7,2,1,July,False,686.3199999999999,2,1,1,1,0,12
13402,1401,584,2024-04-17,1900-01-01 05:30:35,app,1,1958.92,0,9.9,zoop,1958.92,0.0,1968.8200000000002,tx_013402,cartao_credito,chargeback,1968.82,2559.47,05:30:35,True,2.2737367544323206e-13,False,Cliente 1401,saude,BA,Nordeste,2022-09-18,Smartphone 584,Eletrônicos,Smartphone,1952.06,1557.98,True,2024-04-17,2024,4,17,2,April,False,400.94000000000005,5,1,1,1,0,12
14205,4359,754,2024-03-25,1900-01-01 00:02:14,marketplace,3,2543.085880889248,0,24.9,zoop,7629.257642667744,0.0,7654.157642667744,tx_014205,cartao_credito,chargeback,7654.16,7872.72,00:02:14,False,0.00235733225599688,False,Cliente 4359,saude,RO,Norte,2023-08-21,Teclado 754,Escritório,Teclado,1539.39,1209.83,False,2024-03-25,2024,3,25,0,March,False,3999.7676426677444,0,1,0,1,1,12
15466,4932,1043,2024-10-17,1900-01-01 00:58:05,marketplace,2,1329.99,0,19.9,parceiro,2659.98,0.0,2679.88,tx_015466,pix,chargeback,2679.88,1875.92,00:58:05,True,0.0,False,Cliente 4932,varejo,BA,Nordeste,2022-08-21,Liquidificador 1043,Casa & Cozinha,Liquidificador,1394.07,887.77,False,2024-10-17,2024,10,17,3,October,False,884.44,0,1,1,1,0,12
17137,1200,951,2024-11-30,1900-01-01 00:34:08,marketplace,2,1223.6431248324138,10,0.0,zoop,2447.2862496648277,244.72862496648278,2202.557624698345,tx_017137,boleto,chargeback,2202.56,1762.05,00:34:08,True,0.002375301654865325,False,Cliente 1200,tecnologia,MT,Centro-Oeste,2023-07-16,Camiseta 951,Moda,Camiseta,829.31,496.04,True,2024-11-30,2024,11,30,5,November,True,1455.2062496648277,0,1,1,1,0,12
2315,3049,851,2024-11-24,1900-01-01 04:37:27,app,1,1507.32,0,19.9,parceiro,1507.32,0.0,1527.22,tx_002315,pix,chargeback,1527.22,1832.66,04:37:27,True,0.0,False,Cliente 3049,tecnologia,RN,Nordeste,2023-01-16,Câmera 851,Eletrônicos,Câmera,1592.31,816.35,True,2024-11-24,2024,11,24,6,November,True,690.9699999999999,4,1,1,1,0,12
8655,4185,757,2024-05-31,1900-01-01 00:04:47,site,2,864.87,5,14.9,zoop,1729.74,86.48700000000001,1658.153,tx_008655,boleto,chargeback,1658.15,1989.78,00:04:47,True,0.0029999999999290594,False,Cliente 4185,educacao,ES,Sudeste,2022-06-22,Mesa 757,Escritório,Mesa,915.34,519.3,True,2024-05-31,2024,5,31,4,May,False,691.1400000000001,0,1,1,1,0,12
15315,3861,1100,2024-07-03,1900-01-01 04:12:25,marketplace,2,1927.67,5,24.9,zoop,3855.34,192.76700000000002,3687.4730000000004,tx_015315,cartao_credito,chargeback,3687.47,4793.71,04:12:25,True,0.0030000000006111804,False,Cliente 3861,tecnologia,PE,Nordeste,2022-02-27,Camiseta 1100,Moda,Camiseta,1874.85,1059.61,True,2024-07-03,2024,7,3,2,July,False,1736.1200000000003,4,1,1,1,0,12
615,4298,746,2024-03-09,1900-01-01 04:50:20,site,2,1296.85,0,14.9,zoop,2593.7,0.0,2608.6,tx_000615,boleto,chargeback,2608.6,2487.98,04:50:20,False,0.0,False,Cliente 4298,restaurante,PE,Nordeste,2023-03-08,Camiseta 746,Moda,Camiseta,1231.3,792.48,True,2024-03-09,2024,3,9,5,March,True,1008.7399999999998,4,1,0,1,1,12
7844,3899,1017,2024-08-28,1900-01-01 01:58:57,marketplace,3,1130.37,5,24.9,parceiro,3391.1099999999997,169.5555,3246.4545,tx_007844,pix,chargeback,3246.45,4220.38,01:58:57,True,0.004500000000007276,False,Cliente 3899,industria,TO,Norte,2022-08-23,Tênis 1017,Moda,Tênis,1097.23,784.23,True,2024-08-28,2024,8,28,2,August,False,1038.4199999999996,1,1,1,1,0,12
2845,1912,1034,2024-11-16,1900-01-01 03:27:43,site,1,1742.07,5,0.0,zoop,1742.07,87.1035,1654.9665,tx_018601,boleto,chargeback,1654.97,1731.31,03:27:43,False,0.003500000000030923,False,Cliente 1912,varejo,MS,Centro-Oeste,2023-07-30,Aspirador 1034,Casa & Cozinha,Aspirador,1711.72,1017.26,True,2024-11-16,2024,11,16,5,November,True,724.81,3,1,0,1,1,12
5488,4337,884,2024-09-18,1900-01-01 03:25:19,app,3,1193.76,0,14.9,zoop,3581.2799999999997,0.0,3596.18,tx_005488,cartao_credito,chargeback,3596.18,2876.94,03:25:19,True,0.0,False,Cliente 4337,industria,GO,Centro-Oeste,2022-04-24,Câmera 884,Eletrônicos,Câmera,1208.55,628.48,True,2024-09-18,2024,9,18,2,September,False,1695.8399999999997,3,1,1,1,0,12
15933,2388,815,2024-06-08,1900-01-01 03:02:28,site,2,1718.46,0,9.9,zoop,3436.92,0.0,3446.82,tx_015933,cartao_credito,chargeback,3446.82,4480.87,03:02:28,True,0.0,False,Cliente 2388,varejo,MT,Centro-Oeste,2023-03-22,Cadeira 815,Escritório,Cadeira,1775.53,1041.43,True,2024-06-08,2024,6,8,5,June,True,1354.06,3,1,1,1,0,12
5688,2947,926,2024-07-04,1900-01-01 05:55:10,site,3,600.0,15,9.9,zoop,1800.0,270.0,1539.9,tx_005688,boleto,chargeback,1539.9,2001.87,05:55:10,True,0.0,False,Cliente 2947,restaurante,PA,Norte,2022-01-10,Mesa 926,Escritório,Mesa,230.02,139.52,True,2024-07-04,2024,7,4,3,July,False,1381.44,5,1,1,1,0,12
15325,1097,881,2024-03-26,1900-01-01 03:51:26,app,1,1736.72,0,24.9,zoop,1736.72,0.0,1761.6200000000001,tx_015325,cartao_credito,chargeback,1748.21,1791.17,16:39:51,False,13.410000000000082,True,Cliente 1097,servicos,RJ,Sudeste,2023-01-24,Shampoo 881,Beleza,Shampoo,1666.5,838.16,True,2024-03-26,2024,3,26,1,March,False,898.5600000000001,3,1,0,1,1,12
19607,2428,626,2024-10-24,1900-01-01 04:37:03,site,3,1489.8766406270463,10,19.9,parceiro,4469.629921881139,446.96299218811396,4042.566929693025,tx_019607,boleto,chargeback,4042.57,2829.8,04:37:03,True,0.003070306975132553,False,Cliente 2428,restaurante,BA,Nordeste,2023-05-16,Notebook 626,Eletrônicos,Notebook,962.37,592.36,True,2024-10-24,2024,10,24,3,October,False,2692.549921881139,4,1,1,1,0,12
6271,3333,616,2024-04-10,1900-01-01 01:24:57,site,3,600.0,5,0.0,zoop,1800.0,90.0,1710.0,tx_006271,pix,chargeback,1680.13,1685.72,00:53:40,False,29.86999999999989,True,Cliente 3333,industria,SC,Sul,2022-03-21,Liquidificador 616,Casa & Cozinha,Liquidificador,221.45,158.83,True,2024-04-10,2024,4,10,2,April,False,1323.51,1,1,0,1,1,12
11964,1211,1086,2024-06-04,1900-01-01 02:59:26,site,2,1353.4621848305542,0,0.0,parceiro,2706.9243696611084,0.0,2706.9243696611084,tx_011964,boleto,chargeback,2706.92,3519.0,02:59:26,True,0.004369661108285072,False,Cliente 1211,restaurante,MT,Centro-Oeste,2023-07-10,Tênis 1086,Moda,Tênis,1008.88,678.42,True,2024-06-04,2024,6,4,1,June,False,1350.0843696611084,2,1,1,1,0,12
8590,1266,847,2024-06-03,1900-01-01 03:14:36,marketplace,2,1354.37,0,9.9,parceiro,2708.74,0.0,2718.64,tx_008590,boleto,chargeback,2718.64,3534.23,03:14:36,True,0.0,False,Cliente 1266,restaurante,RN,Nordeste,2022-10-10,Perfume 847,Beleza,Perfume,1326.43,869.6,True,2024-06-03,2024,6,3,0,June,False,969.5399999999997,3,1,1,1,0,12
11033,1966,1080,2024-10-05,1900-01-01 03:56:33,site,1,1772.18,15,14.9,zoop,1772.18,265.827,1521.2530000000002,tx_011033,pix,chargeback,1521.25,1977.62,03:56:33,True,0.003000000000156433,False,Cliente 1966,varejo,RJ,Sudeste,2023-02-20,Fone de Ouvido 1080,Eletrônicos,Fone de Ouvido,1915.58,1165.38,True,2024-10-05,2024,10,5,5,October,True,606.8,3,1,1,1,0,12
15441,1065,1058,2024-07-18,1900-01-01 04:08:07,app,2,2654.567171899158,0,19.9,zoop,5309.134343798316,0.0,5329.034343798316,tx_015441,cartao_credito,chargeback,5329.03,4263.22,04:08:07,True,0.004343798315858294,False,Cliente 1065,industria,PR,Sul,2023-05-02,Liquidificador 1058,Casa & Cozinha,Liquidificador,1536.78,866.69,True,2024-07-18,2024,7,18,3,July,False,3575.754343798316,4,1,1,1,0,12
7835,3118,627,2024-08-15,1900-01-01 01:10:58,app,2,1577.61,10,9.9,zoop,3155.22,315.522,2849.598,tx_007835,cartao_credito,chargeback,2849.6,1994.72,01:10:58,True,0.0019999999999527063,False,Cliente 3118,varejo,AM,Norte,2022-09-19,Camiseta 627,Moda,Camiseta,1636.46,1192.13,True,2024-08-15,2024,8,15,3,August,False,770.9599999999996,1,1,1,1,0,12
3976,1883,822,2024-12-22,1900-01-01 00:01:06,marketplace,3,2088.3223382047668,10,19.9,parceiro,6264.9670146143,626.49670146143,5658.370313152869,tx_003976,pix,chargeback,5658.37,6790.04,00:01:06,True,0.0003131528692392749,False,Cliente 1883,educacao,GO,Centro-Oeste,2022-05-11,Cafeteira 822,Casa & Cozinha,Cafeteira,1475.93,789.53,True,2024-12-22,2024,12,22,6,December,True,3896.3770146142997,0,1,1,1,0,12
2787,3169,797,2024-01-17,1900-01-01 02:20:55,marketplace,3,541.61,0,19.9,zoop,1624.83,0.0,1644.73,tx_002787,cartao_credito,chargeback,1644.73,1151.31,02:20:55,True,0.0,False,Cliente 3169,tecnologia,RS,Sul,2022-07-29,Aspirador 797,Casa & Cozinha,Aspirador,557.21,326.56,True,2024-01-17,2024,1,17,2,January,False,645.1499999999999,2,1,1,1,0,12
6217,5278,893,2024-08-05,1900-01-01 00:10:26,marketplace,2,2467.123705198848,15,19.9,parceiro,4934.247410397696,740.1371115596543,4214.010298838041,tx_006217,boleto,chargeback,4214.01,3371.21,00:10:26,True,0.0002988380410897662,False,,,,,,Cafeteira 893,Casa & Cozinha,Cafeteira,1754.61,1047.5,True,2024-08-05,2024,8,5,0,August,False,2839.2474103976956,0,1,1,1,0,12
18632,4494,999,2024-08-19,1900-01-01 01:20:18,app,2,2883.862996114695,5,0.0,zoop,5767.72599222939,288.3862996114695,5479.33969261792,tx_018632,pix,chargeback,5479.34,3835.54,01:20:18,True,0.00030738207988179056,False,Cliente 4494,industria,ES,Sudeste,2023-07-04,Aspirador 999,Casa & Cozinha,Aspirador,1957.87,1302.02,True,2024-08-19,2024,8,19,0,August,False,3163.6859922293897,1,1,1,1,0,12
15772,3363,761,2024-03-11,1900-01-01 03:22:41,marketplace,1,1584.76,5,24.9,zoop,1584.76,79.238,1530.422,tx_015772,cartao_credito,chargeback,1530.42,1989.55,03:22:41,True,0.0019999999999527063,False,Cliente 3363,varejo,PR,Sul,2022-03-15,Creme 761,Beleza,Creme,1737.32,1276.55,True,2024-03-11,2024,3,11,0,March,False,308.21000000000004,3,1,1,1,0,12
6312,1536,531,2024-07-15,1900-01-01 05:00:25,marketplace,3,600.0,5,0.0,zoop,1800.0,90.0,1710.0,tx_006312,pix,chargeback,1710.0,1717.81,05:00:25,False,0.0,False,Cliente 1536,educacao,AM,Norte,2022-12-29,Mesa 531,Escritório,Mesa,438.69,262.61,True,2024-07-15,2024,7,15,0,July,False,1012.17,5,1,0,1,1,12
11163,4967,904,2024-11-29,1900-01-01 03:50:53,site,1,1871.64,5,19.9,parceiro,1871.64,93.58200000000001,1797.958,tx_011163,pix,chargeback,1797.96,2157.55,03:50:53,True,0.0019999999999527063,False,Cliente 4967,servicos,SP,Sudeste,2022-01-18,Camiseta 904,Moda,Camiseta,1825.61,1414.38,True,2024-11-29,2024,11,29,4,November,False,457.26,3,1,1,1,0,12
13124,2548,514,2024-03-11,1900-01-01 03:21:21,marketplace,3,1020.45,10,9.9,parceiro,3061.3500000000004,306.13500000000005,2765.1150000000002,tx_013124,pix,chargeback,2765.12,2212.1,03:21:21,True,0.004999999999654392,False,Cliente 2548,servicos,MS,Centro-Oeste,2023-01-24,Aspirador 514,Casa & Cozinha,Aspirador,1056.22,759.02,True,2024-03-11,2024,3,11,0,March,False,784.2900000000004,3,1,1,1,0,12
13879,3451,1072,2024-02-13,1900-01-01 03:12:35,marketplace,1,1769.89,0,19.9,zoop,1769.89,0.0,1789.7900000000002,tx_013879,boleto,chargeback,1789.79,1431.83,03:12:35,True,2.2737367544323206e-13,False,Cliente 3451,varejo,ES,Sudeste,2022-03-16,Creme 1072,Beleza,Creme,1905.53,1493.96,True,2024-02-13,2024,2,13,1,February,False,275.93000000000006,3,1,1,1,0,12
2935,4430,780,2024-03-27,1900-01-01 05:19:25,site,3,1715.51,10,24.9,parceiro,5146.53,514.653,4656.776999999999,tx_002935,boleto,chargeback,4656.78,4639.11,05:19:25,False,0.0030000000006111804,False,Cliente 4430,industria,AM,Norte,2023-04-15,Creme 780,Beleza,Creme,1665.97,1173.35,False,2024-03-27,2024,3,27,2,March,False,1626.48,5,1,0,1,1,12
10472,4290,1031,2024-06-22,1900-01-01 04:21:12,site,2,1702.22,0,0.0,zoop,3404.44,0.0,3404.44,tx_010472,pix,chargeback,3404.44,3242.1,04:21:12,False,0.0,False,Cliente 4290,saude,MS,Centro-Oeste,2023-04-21,Liquidificador 1031,Casa & Cozinha,Liquidificador,1708.43,1153.14,True,2024-06-22,2024,6,22,5,June,True,1098.1599999999999,4,1,0,1,1,12
10472,4290,1031,2024-06-22,1900-01-01 04:21:12,site,2,1702.22,0,0.0,zoop,3404.44,0.0,3404.44,tx_010472,boleto,chargeback,3475.22,3383.18,11:42:32,False,70.77999999999975,True,Cliente 4290,saude,MS,Centro-Oeste,2023-04-21,Liquidificador 1031,Casa & Cozinha,Liquidificador,1708.43,1153.14,True,2024-06-22,2024,6,22,5,June,True,1098.1599999999999,4,1,0,1,1,12
16895,4398,602,2024-12-21,1900-01-01 00:37:50,app,3,600.0,10,19.9,parceiro,1800.0,180.0,1639.9,tx_016895,pix,chargeback,1639.9,1311.92,00:37:50,True,0.0,False,Cliente 4398,varejo,TO,Norte,2023-01-19,Aspirador 602,Casa & Cozinha,Aspirador,179.0,104.73,True,2024-12-21,2024,12,21,5,December,True,1485.81,0,1,1,1,0,12
1131,2702,924,2024-08-10,1900-01-01 02:00:08,marketplace,3,623.08,5,14.9,zoop,1869.2400000000002,93.46200000000002,1790.6780000000003,tx_001131,pix,chargeback,1790.68,2327.88,02:00:08,True,0.0019999999997253326,False,Cliente 2702,varejo,PE,Nordeste,2022-07-22,Camiseta 924,Moda,Camiseta,593.63,397.44,True,2024-08-10,2024,8,10,5,August,True,676.9200000000003,2,1,1,1,0,12
16790,3841,1041,2024-04-15,1900-01-01 03:51:32,site,3,2019.45,5,19.9,zoop,6058.35,302.9175,5775.3325,tx_016790,pix,chargeback,5775.33,7507.93,03:51:32,True,0.002500000000509317,False,Cliente 3841,saude,MT,Centro-Oeste,2022-02-07,Perfume 1041,Beleza,Perfume,1941.38,1003.29,True,2024-04-15,2024,4,15,0,April,False,3048.4800000000005,3,1,1,1,0,12
15211,4509,1050,2024-08-11,1900-01-01 04:11:06,marketplace,2,1595.74,15,14.9,zoop,3191.48,478.722,2727.658,tx_015211,pix,chargeback,2727.66,3273.19,04:11:06,True,0.0019999999999527063,False,Cliente 4509,servicos,RJ,Sudeste,2023-03-31,Câmera 1050,Eletrônicos,Câmera,1565.12,874.03,True,2024-08-11,2024,8,11,6,August,True,1443.42,4,1,1,1,0,12
2233,2157,537,2024-08-18,1900-01-01 01:40:01,app,3,600.0,5,9.9,zoop,1800.0,90.0,1719.9,tx_002233,cartao_credito,chargeback,1719.9,1375.92,01:40:01,True,0.0,False,Cliente 2157,varejo,GO,Centro-Oeste,2022-04-15,Liquidificador 537,Casa & Cozinha,Liquidificador,326.16,189.88,False,2024-08-18,2024,8,18,6,August,True,1230.3600000000001,1,1,1,1,0,12
10499,3535,709,2024-12-21,1900-01-01 05:13:42,marketplace,3,1558.9722061063787,5,0.0,zoop,4676.916618319136,233.84583091595684,4443.07078740318,tx_010499,pix,chargeback,4443.07,3554.46,05:13:42,True,0.0007874031798564829,False,Cliente 3535,saude,RS,Sul,2022-08-14,Tênis 709,Moda,Tênis,1253.42,778.54,False,2024-12-21,2024,12,21,5,December,True,2341.2966183191365,5,1,1,1,0,12
15232,4822,872,2024-05-16,1900-01-01 02:29:35,marketplace,2,2496.90457270464,10,24.9,parceiro,4993.80914540928,499.380914540928,4519.328230868352,tx_015232,cartao_credito,chargeback,4519.33,3163.53,02:29:35,True,0.0017691316479613306,False,Cliente 4822,servicos,AM,Norte,2022-09-13,Câmera 872,Eletrônicos,Câmera,1412.82,865.64,True,2024-05-16,2024,5,16,3,May,False,3262.5291454092803,2,1,1,1,0,12
19952,2260,903,2024-01-26,1900-01-01 03:28:46,app,3,730.82,0,24.9,parceiro,2192.46,0.0,2217.36,tx_019952,cartao_credito,chargeback,2217.36,1773.89,03:28:46,True,0.0,False,Cliente 2260,tecnologia,PE,Nordeste,2022-05-03,Cafeteira 903,Casa & Cozinha,Cafeteira,753.51,420.81,True,2024-01-26,2024,1,26,4,January,False,930.03,3,1,1,1,0,12
14110,3637,857,2024-11-23,1900-01-01 03:42:38,marketplace,3,1500.39,5,24.9,parceiro,4501.17,225.0585,4301.0115,tx_014110,cartao_credito,chargeback,4301.01,3440.81,03:42:38,True,0.0014999999993960955,False,Cliente 3637,varejo,RN,Nordeste,2022-07-19,Creme 857,Beleza,Creme,1579.5,991.21,True,2024-11-23,2024,11,23,5,November,True,1527.54,3,1,1,1,0,12
11122,3052,856,2024-09-10,1900-01-01 01:34:59,site,3,1441.84,10,19.9,zoop,4325.5199999999995,432.55199999999996,3912.8679999999995,tx_011122,pix,chargeback,3912.87,2739.01,01:34:59,True,0.0020000000004074536,False,Cliente 3052,educacao,RO,Norte,2022-08-08,Liquidificador 856,Casa & Cozinha,Liquidificador,1484.19,1095.01,True,2024-09-10,2024,9,10,1,September,False,1040.4899999999998,1,1,1,1,0,12
15716,1354,667,2024-08-18,1900-01-01 02:03:22,app,3,1010.49,5,24.9,zoop,3031.4700000000003,151.57350000000002,2904.7965000000004,tx_015716,boleto,chargeback,2904.8,3776.24,02:03:22,True,0.003499999999803549,False,Cliente 1354,varejo,MS,Centro-Oeste,2022-06-07,Smartphone 667,Eletrônicos,Smartphone,1001.78,502.42,True,2024-08-18,2024,8,18,6,August,True,1524.2100000000003,2,1,1,1,0,12
17867,4003,515,2024-09-09,1900-01-01 05:56:48,site,2,1496.92,5,19.9,zoop,2993.84,149.692,2864.0480000000002,tx_017867,pix,chargeback,2864.05,2004.84,05:56:48,True,0.0019999999999527063,False,Cliente 4003,industria,MT,Centro-Oeste,2022-11-01,Calça 515,Moda,Calça,1580.63,951.07,True,2024-09-09,2024,9,9,0,September,False,1091.7,5,1,1,1,0,12
2959,4733,600,2024-10-01,1900-01-01 04:47:56,site,1,1513.22,0,0.0,parceiro,1513.22,0.0,1513.22,tx_002959,pix,chargeback,1513.22,1521.96,04:47:56,False,0.0,False,Cliente 4733,restaurante,MG,Sudeste,2022-05-08,Camiseta 600,Moda,Camiseta,1569.25,842.2,True,2024-10-01,2024,10,1,1,October,False,671.02,4,1,0,1,1,12
10526,2913,992,2024-10-29,1900-01-01 04:37:39,site,1,1885.15,5,19.9,zoop,1885.15,94.25750000000001,1810.7925000000002,tx_010526,cartao_credito,chargeback,1810.79,2172.95,04:37:39,True,0.0025000000002819434,False,Cliente 2913,servicos,MG,Sudeste,2022-12-18,Teclado 992,Escritório,Teclado,1969.66,1033.93,True,2024-10-29,2024,10,29,1,October,False,851.22,4,1,1,1,0,12
19449,3985,680,2024-02-17,1900-01-01 00:16:00,site,3,1185.51,5,0.0,zoop,3556.5299999999997,177.8265,3378.7034999999996,tx_019449,boleto,chargeback,3378.7,2365.09,00:16:00,True,0.003499999999803549,False,Cliente 3985,varejo,MG,Sudeste,2023-06-10,Notebook 680,Eletrônicos,Notebook,1249.0,737.81,True,2024-02-17,2024,2,17,5,February,True,1343.1,0,1,1,1,0,12
15875,3839,906,2024-05-21,1900-01-01 00:46:00,site,3,578.26,5,0.0,zoop,1734.78,86.739,1648.041,tx_015875,boleto,chargeback,1648.04,1318.43,00:46:00,True,0.0009999999999763531,False,Cliente 3839,tecnologia,BA,Nordeste,2022-11-14,Fone de Ouvido 906,Eletrônicos,Fone de Ouvido,584.29,302.18,True,2024-05-21,2024,5,21,1,May,False,828.24,0,1,1,1,0,12
19861,2223,754,2024-06-13,1900-01-01 01:11:58,app,1,1525.07,0,19.9,parceiro,1525.07,0.0,1544.97,tx_019861,boleto,chargeback,1544.97,1853.96,01:11:58,True,0.0,False,Cliente 2223,restaurante,RO,Norte,2022-05-03,Teclado 754,Escritório,Teclado,1539.39,1209.83,False,2024-06-13,2024,6,13,3,June,False,315.24,1,1,1,1,0,12
6107,4120,612,2024-05-27,1900-01-01 04:40:57,site,3,1125.34,5,24.9,parceiro,3376.0199999999995,168.801,3232.1189999999997,tx_006107,pix,chargeback,3232.12,2585.7,04:40:57,True,0.0010000000002037268,False,Cliente 4120,educacao,RO,Norte,2023-07-01,Calça 612,Moda,Calça,1243.37,768.4,True,2024-05-27,2024,5,27,0,May,False,1070.8199999999997,4,1,1,1,0,12
17881,1393,612,2024-09-19,1900-01-01 00:30:00,site,3,1740.1075954308394,10,24.9,zoop,5220.322786292518,522.0322786292518,4723.190507663266,tx_017881,cartao_credito,chargeback,4723.19,3778.55,00:30:00,True,0.0005076632660347968,False,Cliente 1393,restaurante,RJ,Sudeste,2023-01-03,Calça 612,Moda,Calça,1243.37,768.4,True,2024-09-19,2024,9,19,3,September,False,2915.122786292518,0,1,1,1,0,12
5354,1707,534,2024-05-07,1900-01-01 00:30:13,marketplace,2,1201.55,5,24.9,parceiro,2403.1,120.155,2307.845,tx_005354,pix,chargeback,2307.84,1846.27,00:30:13,True,0.004999999999654392,False,Cliente 1707,servicos,TO,Norte,2022-03-30,Cafeteira 534,Casa & Cozinha,Cafeteira,1157.39,921.68,True,2024-05-07,2024,5,7,1,May,False,559.74,0,1,1,1,0,12
7652,4975,1015,2024-07-19,1900-01-01 05:56:35,site,2,1529.39,0,24.9,parceiro,3058.78,0.0,3083.6800000000003,tx_007652,pix,chargeback,3083.68,3700.42,05:56:35,True,4.547473508864641e-13,False,Cliente 4975,industria,ES,Sudeste,2022-05-27,Smartphone 1015,Eletrônicos,Smartphone,1509.01,1063.26,True,2024-07-19,2024,7,19,4,July,False,932.2600000000002,5,1,1,1,0,12
5366,2706,1030,2024-10-17,1900-01-01 00:59:51,app,2,1276.72,5,24.9,parceiro,2553.44,127.67200000000001,2450.668,tx_004962,boleto,chargeback,2450.67,2554.62,00:59:51,False,0.0019999999999527063,False,Cliente 2706,restaurante,RS,Sul,2023-05-13,Liquidificador 1030,Casa & Cozinha,Liquidificador,1233.88,934.97,True,2024-10-17,2024,10,17,3,October,False,683.5,0,1,0,1,1,12
8703,3247,971,2024-01-11,1900-01-01 00:55:44,site,2,1253.59,15,9.9,zoop,2507.18,376.07699999999994,2141.003,tx_008703,pix,chargeback,2141.0,2569.2,00:55:44,True,0.003000000000156433,False,Cliente 3247,educacao,DF,Centro-Oeste,2022-08-06,Calça 971,Moda,Calça,1289.49,875.22,True,2024-01-11,2024,1,11,3,January,False,756.7399999999998,0,1,1,1,0,12
5281,3095,904,2024-02-26,1900-01-01 02:33:47,marketplace,1,1800.16,5,14.9,parceiro,1800.16,90.00800000000001,1725.0520000000001,tx_005281,pix,chargeback,1725.05,2242.56,02:33:47,True,0.00200000000018008,False,Cliente 3095,servicos,BA,Nordeste,2022-03-15,Camiseta 904,Moda,Camiseta,1825.61,1414.38,True,2024-02-26,2024,2,26,0,February,False,385.78,2,1,1,1,0,12
17655,2101,889,2024-12-01,1900-01-01 05:49:30,app,3,1649.36,5,19.9,parceiro,4948.08,247.404,4720.575999999999,tx_017655,cartao_credito,chargeback,4720.58,5664.7,05:49:30,True,0.004000000000814907,False,Cliente 2101,industria,RO,Norte,2023-05-23,Notebook 889,Eletrônicos,Notebook,1603.11,1084.02,True,2024-12-01,2024,12,1,6,December,True,1696.02,5,1,1,1,0,12
14754,4519,883,2024-08-04,1900-01-01 00:21:34,site,3,2008.9670497734996,0,24.9,parceiro,6026.901149320499,0.0,6051.801149320499,tx_014754,pix,chargeback,6051.8,4236.26,00:21:34,True,0.0011493204983707983,False,Cliente 4519,industria,MS,Centro-Oeste,2022-01-07,Liquidificador 883,Casa & Cozinha,Liquidificador,1402.66,927.61,True,2024-08-04,2024,8,4,6,August,True,3244.071149320499,0,1,1,1,0,12
4487,1088,656,2024-10-01,1900-01-01 02:00:02,site,3,921.2,15,19.9,zoop,2763.6000000000004,414.54,2368.9600000000005,tx_004487,boleto,chargeback,2368.96,3079.65,02:00:02,True,4.547473508864641e-13,False,Cliente 1088,servicos,BA,Nordeste,2022-07-14,Cafeteira 656,Casa & Cozinha,Cafeteira,1020.22,584.9,True,2024-10-01,2024,10,1,1,October,False,1008.9000000000005,2,1,1,1,0,12
6815,2130,502,2024-02-21,1900-01-01 00:29:29,app,1,1616.37,5,0.0,zoop,1616.37,80.8185,1535.5514999999998,tx_006815,boleto,chargeback,1535.55,1543.52,00:29:29,False,0.0014999999998508429,False,Cliente 2130,educacao,RN,Nordeste,2022-01-03,Liquidificador 502,Casa & Cozinha,Liquidificador,1615.69,1121.28,True,2024-02-21,2024,2,21,2,February,False,495.0899999999999,0,1,0,1,1,12
9391,1705,625,2024-12-30,1900-01-01 02:36:12,app,3,600.0,0,0.0,parceiro,1800.0,0.0,1800.0,tx_000223,pix,chargeback,1800.0,1886.36,02:36:12,False,0.0,False,Cliente 1705,restaurante,SP,Sudeste,2023-07-22,Aspirador 625,Casa & Cozinha,Aspirador,201.96,159.86,False,2024-12-30,2024,12,30,0,December,False,1320.42,2,1,0,1,1,12
11610,1048,509,2024-08-16,1900-01-01 02:34:19,site,2,1429.89,15,9.9,parceiro,2859.78,428.96700000000004,2440.713,tx_011610,boleto,chargeback,2440.71,1952.57,02:34:19,True,0.003000000000156433,False,Cliente 1048,industria,SP,Sudeste,2022-04-28,Calça 509,Moda,Calça,1464.34,1159.98,True,2024-08-16,2024,8,16,4,August,False,539.8200000000002,2,1,1,1,0,12
13629,3368,594,2024-09-29,1900-01-01 01:37:17,marketplace,2,1484.87,5,24.9,zoop,2969.74,148.487,2846.153,tx_013629,boleto,chargeback,2846.15,1992.3,01:37:17,True,0.0029999999997016857,False,Cliente 3368,servicos,AC,Norte,2023-04-11,Teclado 594,Escritório,Teclado,1506.03,1121.64,True,2024-09-29,2024,9,29,6,September,True,726.4599999999996,1,1,1,1,0,12
9532,2090,942,2024-09-18,1900-01-01 04:08:19,marketplace,2,2626.954058286676,15,9.9,parceiro,5253.908116573352,788.0862174860029,4475.721899087349,tx_009532,cartao_credito,chargeback,4475.72,5818.44,04:08:19,True,0.0018990873486472992,False,Cliente 2090,varejo,AC,Norte,2023-01-03,Tênis 942,Moda,Tênis,1931.24,1511.88,True,2024-09-18,2024,9,18,2,September,False,2230.148116573352,4,1,1,1,0,12
16439,3166,705,2024-02-20,1900-01-01 01:46:03,site,2,906.95,0,0.0,zoop,1813.9,0.0,1813.9,tx_016439,boleto,chargeback,1786.9,1868.58,09:50:05,False,27.0,True,Cliente 3166,servicos,SC,Sul,2022-08-20,Creme 705,Beleza,Creme,945.48,716.29,True,2024-02-20,2024,2,20,1,February,False,381.32000000000016,1,1,0,1,1,12
1736,1277,817,2024-03-08,1900-01-01 05:38:57,marketplace,2,1571.96,10,14.9,zoop,3143.92,314.39200000000005,2844.4280000000003,tx_001736,boleto,chargeback,2844.43,1991.1,05:38:57,True,0.001999999999497959,False,Cliente 1277,restaurante,TO,Norte,2022-12-27,Aspirador 817,Casa & Cozinha,Aspirador,1684.79,1223.93,False,2024-03-08,2024,3,8,4,March,False,696.06,5,1,1,1,0,12
6959,4730,1038,2024-06-24,1900-01-01 01:15:16,site,2,761.43,0,19.9,zoop,1522.86,0.0,1542.76,tx_006959,cartao_credito,chargeback,1542.76,1234.21,01:15:16,True,0.0,False,Cliente 4730,servicos,AC,Norte,2023-03-06,Notebook 1038,Eletrônicos,Notebook,744.76,475.01,True,2024-06-24,2024,6,24,0,June,False,572.8399999999999,1,1,1,1,0,12
6893,3182,1039,2024-08-16,1900-01-01 01:16:18,marketplace,3,1473.8,0,19.9,zoop,4421.4,0.0,4441.299999999999,tx_006893,boleto,chargeback,4441.3,3553.04,01:16:18,True,9.094947017729282e-13,False,Cliente 3182,servicos,RJ,Sudeste,2022-10-26,Notebook 1039,Eletrônicos,Notebook,1494.92,910.51,False,2024-08-16,2024,8,16,4,August,False,1689.87,1,1,1,1,0,12
16332,1834,894,2024-01-29,1900-01-01 00:53:10,app,2,1077.34,15,9.9,zoop,2154.68,323.20199999999994,1841.378,tx_013680,boleto,chargeback,1841.38,1778.0100000000002,00:53:10,False,0.00200000000018008,False,Cliente 1834,restaurante,ES,Sudeste,2022-06-16,Notebook 894,Eletrônicos,Notebook,1047.26,661.77,True,2024-01-29,2024,1,29,0,January,False,831.1399999999999,0,1,0,1,1,12
10000,2155,873,2024-10-07,1900-01-01 05:42:25,site,2,1399.08,5,24.9,parceiro,2798.16,139.908,2683.152,tx_010000,cartao_credito,chargeback,2683.15,2146.52,05:42:25,True,0.0019999999999527063,False,Cliente 2155,industria,MT,Centro-Oeste,2022-05-16,Aspirador 873,Casa & Cozinha,Aspirador,1508.12,829.25,True,2024-10-07,2024,10,7,0,October,False,1139.6599999999999,5,1,1,1,0,12
12742,3131,522,2024-03-10,1900-01-01 04:07:21,marketplace,2,1160.99,15,0.0,parceiro,2321.98,348.29699999999997,1973.683,tx_012742,cartao_credito,chargeback,2075.11,2098.4700000000003,12:00:14,False,101.42700000000013,True,Cliente 3131,restaurante,CE,Nordeste,2023-05-17,Calça 522,Moda,Calça,1317.38,714.2,True,2024-03-10,2024,3,10,6,March,True,893.5799999999999,4,1,0,1,1,12
18486,2024,631,2024-11-21,1900-01-01 03:04:15,site,3,1293.7,15,24.9,zoop,3881.1000000000004,582.1650000000001,3323.8350000000005,tx_018486,pix,chargeback,3323.84,2326.69,03:04:15,True,0.004999999999654392,False,Cliente 2024,educacao,PA,Norte,2022-09-06,Cadeira 631,Escritório,Cadeira,1387.5,1089.81,True,2024-11-21,2024,11,21,3,November,False,611.6700000000005,3,1,1,1,0,12
699,4012,613,2024-09-09,1900-01-01 03:11:11,app,3,1569.97,10,9.9,zoop,4709.91,470.991,4248.8189999999995,tx_000699,pix,chargeback,4248.82,5098.58,03:11:11,True,0.0010000000002037268,False,Cliente 4012,industria,MS,Centro-Oeste,2023-02-19,Mesa 613,Escritório,Mesa,1704.05,1346.45,True,2024-09-09,2024,9,9,0,September,False,670.5599999999995,3,1,1,1,0,12
140,3018,911,2024-10-06,1900-01-01 03:20:15,app,2,1939.8910272686203,0,9.9,parceiro,3879.7820545372406,0.0,3889.6820545372407,tx_000140,cartao_credito,chargeback,3889.68,3877.58,03:20:15,False,0.002054537240837817,False,Cliente 3018,tecnologia,PA,Norte,2023-07-19,Teclado 911,Escritório,Teclado,1434.91,852.73,True,2024-10-06,2024,10,6,6,October,True,2174.3220545372405,3,1,0,1,1,12
12742,3131,522,2024-03-10,1900-01-01 04:07:21,marketplace,2,1160.99,15,0.0,parceiro,2321.98,348.29699999999997,1973.683,tx_012742,cartao_credito,chargeback,1973.68,1976.88,04:07:21,False,0.0029999999999290594,False,Cliente 3131,restaurante,CE,Nordeste,2023-05-17,Calça 522,Moda,Calça,1317.38,714.2,True,2024-03-10,2024,3,10,6,March,True,893.5799999999999,4,1,0,1,1,12
16091,4642,506,2024-10-22,1900-01-01 04:06:14,marketplace,3,958.6104716951533,0,9.9,parceiro,2875.83141508546,0.0,2885.73141508546,tx_013403,boleto,chargeback,2885.73,2838.26,04:06:14,False,0.0014150854599392915,False,Cliente 4642,saude,GO,Centro-Oeste,2022-11-24,Notebook 506,Eletrônicos,Notebook,574.54,455.61,True,2024-10-22,2024,10,22,1,October,False,1509.00141508546,4,1,0,1,1,12
1579,3507,853,2024-12-01,1900-01-01 04:12:21,app,2,1281.51,5,24.9,parceiro,2563.02,128.151,2459.7690000000002,tx_001579,cartao_credito,chargeback,2459.77,1967.82,04:12:21,True,0.0009999999997489795,False,Cliente 3507,industria,MT,Centro-Oeste,2023-05-03,Câmera 853,Eletrônicos,Câmera,1327.1,715.78,True,2024-12-01,2024,12,1,6,December,True,1131.46,4,1,1,1,0,12
4817,4318,894,2024-02-12,1900-01-01 01:48:12,site,3,963.68,10,24.9,zoop,2891.04,289.104,2626.8360000000002,tx_004817,pix,chargeback,2626.84,2101.47,01:48:12,True,0.0039999999999054126,False,Cliente 4318,servicos,RN,Nordeste,2022-04-18,Notebook 894,Eletrônicos,Notebook,1047.26,661.77,True,2024-02-12,2024,2,12,0,February,False,905.73,1,1,1,1,0,12
9754,1773,900,2024-10-26,1900-01-01 04:04:21,site,3,1355.11,0,19.9,parceiro,4065.33,0.0,4085.23,tx_009754,boleto,chargeback,4085.23,5310.8,04:04:21,True,0.0,False,Cliente 1773,educacao,AC,Norte,2022-05-24,Creme 900,Beleza,Creme,1320.89,730.99,True,2024-10-26,2024,10,26,5,October,True,1872.3599999999997,4,1,1,1,0,12
7266,3779,1073,2024-11-04,1900-01-01 05:44:42,site,2,1898.72,15,19.9,zoop,3797.44,569.616,3247.724,tx_007266,boleto,chargeback,3247.72,4222.04,05:44:42,True,0.00400000000036016,False,Cliente 3779,tecnologia,PA,Norte,2022-04-23,Teclado 1073,Escritório,Teclado,1920.51,1367.3,True,2024-11-04,2024,11,4,0,November,False,1062.8400000000001,5,1,1,1,0,12
14809,1714,534,2024-11-29,1900-01-01 03:34:26,marketplace,3,1188.59,15,9.9,zoop,3565.7699999999995,534.8654999999999,3040.8044999999997,tx_003699,pix,chargeback,3040.8,2978.1200000000003,03:34:26,False,0.004499999999552529,False,Cliente 1714,industria,TO,Norte,2022-07-06,Cafeteira 534,Casa & Cozinha,Cafeteira,1157.39,921.68,True,2024-11-29,2024,11,29,4,November,False,800.7299999999996,3,1,0,1,1,12
3097,2529,521,2024-02-02,1900-01-01 02:23:12,marketplace,3,1474.53,0,9.9,parceiro,4423.59,0.0,4433.49,tx_016775,pix,chargeback,4433.49,4513.349999999999,02:23:12,False,0.0,False,Cliente 2529,varejo,AM,Norte,2022-04-14,Notebook 521,Eletrônicos,Notebook,1435.04,915.87,True,2024-02-02,2024,2,2,4,February,False,1675.98,2,1,0,1,1,12
9490,2244,1050,2024-04-19,1900-01-01 00:54:46,marketplace,2,1517.21,10,24.9,parceiro,3034.42,303.442,2755.878,tx_008921,cartao_credito,chargeback,2755.88,2845.6400000000003,00:54:46,False,0.0019999999999527063,False,Cliente 2244,industria,MT,Centro-Oeste,2023-01-17,Câmera 1050,Eletrônicos,Câmera,1565.12,874.03,True,2024-04-19,2024,4,19,4,April,False,1286.3600000000001,0,1,0,1,1,12
116,1253,565,2024-09-09,1900-01-01 02:20:32,app,3,600.0,15,0.0,zoop,1800.0,270.0,1530.0,tx_000116,pix,chargeback,1530.0,1224.0,02:20:32,True,0.0,False,Cliente 1253,varejo,PA,Norte,2023-03-20,Smartphone 565,Eletrônicos,Smartphone,348.84,213.6,True,2024-09-09,2024,9,9,0,September,False,1159.2,2,1,1,1,0,12
14434,4669,628,2024-01-22,1900-01-01 01:37:11,app,3,1424.65,5,19.9,zoop,4273.950000000001,213.69750000000005,4080.1525000000006,tx_007779,cartao_credito,chargeback,4080.15,4178.88,01:37:11,False,0.002500000000509317,False,Cliente 4669,industria,MS,Centro-Oeste,2022-06-17,Calça 628,Moda,Calça,1430.86,996.72,True,2024-01-22,2024,1,22,0,January,False,1283.7900000000009,1,1,0,1,1,12
16157,1194,886,2024-04-30,1900-01-01 05:02:48,marketplace,1,1505.3,0,14.9,zoop,1505.3,0.0,1520.2,tx_002930,cartao_credito,chargeback,1520.2,1519.7,05:02:48,False,0.0,False,Cliente 1194,servicos,BA,Nordeste,2023-06-15,Teclado 886,Escritório,Teclado,1471.42,897.83,True,2024-04-30,2024,4,30,1,April,False,607.4699999999999,5,1,0,1,1,12
19218,2953,604,2024-01-01,1900-01-01 01:30:42,marketplace,2,1312.93,0,19.9,parceiro,2625.86,0.0,2645.76,tx_019218,boleto,chargeback,2645.76,2116.61,01:30:42,True,0.0,False,Cliente 2953,tecnologia,GO,Centro-Oeste,2023-01-23,Câmera 604,Eletrônicos,Câmera,1379.44,869.82,True,2024-01-01,2024,1,1,0,January,False,886.22,1,1,1,1,0,12
828,1007,714,2024-04-21,1900-01-01 00:03:01,marketplace,3,1388.17,5,14.9,parceiro,4164.51,208.2255,3971.1845000000003,tx_000828,boleto,chargeback,3971.18,3176.94,00:03:01,True,0.004500000000462023,False,Cliente 1007,varejo,AC,Norte,2023-07-29,Câmera 714,Eletrônicos,Câmera,1537.75,1048.68,True,2024-04-21,2024,4,21,6,April,True,1018.4700000000003,0,1,1,1,0,12
894,3423,740,2024-03-31,1900-01-01 01:44:21,site,2,896.85,0,14.9,zoop,1793.7,0.0,1808.6000000000001,tx_000894,cartao_credito,chargeback,1808.6,2351.18,01:44:21,True,2.2737367544323206e-13,False,Cliente 3423,saude,GO,Centro-Oeste,2022-09-05,Teclado 740,Escritório,Teclado,881.84,477.37,True,2024-03-31,2024,3,31,6,March,True,838.96,1,1,1,1,0,12
711,4355,586,2024-03-31,1900-01-01 04:06:53,site,2,1140.08,10,24.9,zoop,2280.16,228.016,2077.044,tx_000711,cartao_credito,chargeback,2077.04,2492.45,04:06:53,True,0.0039999999999054126,False,Cliente 4355,saude,AM,Norte,2022-07-03,Notebook 586,Eletrônicos,Notebook,1231.27,813.61,True,2024-03-31,2024,3,31,6,March,True,652.9399999999998,4,1,1,1,0,12
14777,1382,1053,2024-07-11,1900-01-01 04:01:55,app,3,598.22,10,19.9,zoop,1794.66,179.466,1635.094,tx_014777,cartao_credito,chargeback,1635.09,1962.11,04:01:55,True,0.004000000000132786,False,Cliente 1382,saude,MG,Sudeste,2022-09-29,Tênis 1053,Moda,Tênis,633.92,481.89,True,2024-07-11,2024,7,11,3,July,False,348.99,4,1,1,1,0,12
17653,3091,595,2024-02-12,1900-01-01 00:04:10,app,2,853.83,0,19.9,zoop,1707.66,0.0,1727.5600000000002,tx_017653,boleto,chargeback,1727.56,1209.29,00:04:10,True,2.2737367544323206e-13,False,Cliente 3091,saude,PR,Sul,2023-07-27,Creme 595,Beleza,Creme,886.67,594.2,True,2024-02-12,2024,2,12,0,February,False,519.26,0,1,1,1,0,12
1926,3341,895,2024-10-03,1900-01-01 00:57:41,app,2,1019.21,10,14.9,parceiro,2038.42,203.842,1849.478,tx_001926,cartao_credito,chargeback,1849.48,2219.38,00:57:41,True,0.0019999999999527063,False,Cliente 3341,servicos,MG,Sudeste,2022-05-23,Calça 895,Moda,Calça,1025.18,548.67,True,2024-10-03,2024,10,3,3,October,False,941.0800000000002,0,1,1,1,0,12
18427,4217,1086,2024-09-10,1900-01-01 03:05:24,app,3,1247.0578069686385,5,19.9,zoop,3741.1734209059155,187.0586710452958,3574.0147498606198,tx_005683,cartao_credito,chargeback,3574.01,3656.89,03:05:24,False,0.004749860619540414,False,Cliente 4217,varejo,CE,Nordeste,2022-06-15,Tênis 1086,Moda,Tênis,1008.88,678.42,True,2024-09-10,2024,9,10,1,September,False,1705.9134209059157,3,1,0,1,1,12
